,Similarity Run,Hybrid Run,Difference
faithfulness,0.9071428571428571,0.8708333333333332,0.0363095238095239
answer_relevancy,0.9490466311899276,0.9441861168140008,0.004860514375926828
context_precision,0.6568274439271725,0.6642569913285529,-0.007429547401380354
context_recall,1.0,0.9666666666666666,0.03333333333333344
answer_correctness,0.8359622334025041,0.6519756563111458,0.18398657709135824
answer_similarity,0.9356874788198676,0.9308013781226885,0.0048861006971790966
