,Similarity Run,Hybrid Run,Difference
faithfulness,0.9775,0.9458333333333334,0.03166666666666662
answer_relevancy,0.9682223754499655,0.9652468242130781,0.0029755512368874193
context_precision,0.9061128432729596,0.8412668097804377,0.06484603349252194
context_recall,0.95,0.925,0.02499999999999991
answer_correctness,0.7760181930380226,0.7173652338802503,0.058652959157772244
answer_similarity,0.9698987127877363,0.9691700769542806,0.0007286358334557264
