,Similarity Run,Hybrid Run,Difference
faithfulness,0.9818181818181818,0.9577777777777777,0.024040404040404084
answer_relevancy,0.9858026160332856,0.9818961171271321,0.003906498906153466
context_precision,0.8834989134417969,0.8715078829153701,0.011991030526426805
context_recall,1.0,1.0,0.0
answer_correctness,0.6132949073688856,0.6091625816580797,0.004132325710805906
answer_similarity,0.9272552270805516,0.9289221579534603,-0.0016669308729087007
